<?xml version='1.0' encoding='UTF-8' standalone='yes'?>
<WORKSPACE>
 <FRAME activewindow="0">
  <PLACEMENT>2c00000002000000030000000083ffff0083ffffffffffffffffffff7800000009000000d8040000d9020000</PLACEMENT>
  <WINDOW type="default" module="ISIS"/>
 </FRAME>
 <MODULE name="VSMDEBUG">
  <PWI>
   <POPUP w="400" x="5" flags="00000002" y="105" h="100" pid="0" iid="-1">
    <PROPERTIES>
     <ITEM name="Message Column Width">263</ITEM>
     <ITEM name="ShowGrid">No</ITEM>
     <ITEM name="Source Column Width">100</ITEM>
     <ITEM name="Version">100</ITEM>
    </PROPERTIES>
   </POPUP>
   <POPUP w="350" x="5" flags="00000032" y="105" h="100" pid="1" iid="-1">
    <PROPERTIES>
     <ITEM name="Address Column Width">87</ITEM>
     <ITEM name="AutoResize">No</ITEM>
     <ITEM name="Gridlines">Yes</ITEM>
     <ITEM name="Name Column Width">87</ITEM>
     <ITEM name="ShowAddresses">Yes</ITEM>
     <ITEM name="ShowPreviousValues">No</ITEM>
     <ITEM name="ShowTypes">No</ITEM>
     <ITEM name="ShowWatchPoint">Yes</ITEM>
     <ITEM name="TriggerMode">0</ITEM>
     <ITEM name="Value Column Width">87</ITEM>
     <ITEM name="Version">100</ITEM>
     <ITEM name="Watch Expression Column Width">87</ITEM>
     <ITEM name="nItems">0</ITEM>
    </PROPERTIES>
   </POPUP>
   <POPUP w="226" x="5" flags="00000008" y="105" h="215" pid="3" iid="1">
    <PROPERTIES/>
   </POPUP>
   <POPUP w="1" x="5" flags="0000000a" y="105" h="1" pid="10" iid="1">
    <PROPERTIES>
     <ITEM name="DataType">2</ITEM>
     <ITEM name="DispChars">Yes</ITEM>
     <ITEM name="DispFormat">2</ITEM>
     <ITEM name="ShowChanges">Yes</ITEM>
     <ITEM name="ShowToolTips">Yes</ITEM>
     <ITEM name="TopLineAddress">00000000</ITEM>
    </PROPERTIES>
   </POPUP>
   <POPUP w="1" x="5" flags="0000000a" y="105" h="2" pid="6" iid="1">
    <PROPERTIES>
     <ITEM name="DataType">2</ITEM>
     <ITEM name="DispChars">Yes</ITEM>
     <ITEM name="DispFormat">2</ITEM>
     <ITEM name="ShowChanges">Yes</ITEM>
     <ITEM name="ShowToolTips">Yes</ITEM>
     <ITEM name="TopLineAddress">00000000</ITEM>
    </PROPERTIES>
   </POPUP>
   <POPUP w="1" x="5" flags="0000000a" y="105" h="2" pid="7" iid="1">
    <PROPERTIES>
     <ITEM name="DataType">2</ITEM>
     <ITEM name="DispChars">Yes</ITEM>
     <ITEM name="DispFormat">2</ITEM>
     <ITEM name="ShowChanges">Yes</ITEM>
     <ITEM name="ShowToolTips">Yes</ITEM>
     <ITEM name="TopLineAddress">00000000</ITEM>
    </PROPERTIES>
   </POPUP>
   <POPUP w="16" x="188" flags="80000000" y="249" h="32" pid="14" iid="1">
    <PROPERTIES>
     <ITEM name="DataType">2</ITEM>
     <ITEM name="DispChars">Yes</ITEM>
     <ITEM name="DispFormat">2</ITEM>
     <ITEM name="ShowChanges">Yes</ITEM>
     <ITEM name="ShowToolTips">Yes</ITEM>
     <ITEM name="TopLineAddress">00000000</ITEM>
    </PROPERTIES>
   </POPUP>
   <POPUP w="1" x="5" flags="0000000a" y="105" h="2" pid="4" iid="1">
    <PROPERTIES>
     <ITEM name="DataType">2</ITEM>
     <ITEM name="DispChars">Yes</ITEM>
     <ITEM name="DispFormat">2</ITEM>
     <ITEM name="ShowChanges">Yes</ITEM>
     <ITEM name="ShowToolTips">Yes</ITEM>
     <ITEM name="TopLineAddress">00000100</ITEM>
    </PROPERTIES>
   </POPUP>
   <POPUP w="1" x="5" flags="0000000a" y="105" h="1" pid="13" iid="1">
    <PROPERTIES>
     <ITEM name="DataType">2</ITEM>
     <ITEM name="DispChars">Yes</ITEM>
     <ITEM name="DispFormat">2</ITEM>
     <ITEM name="ShowChanges">Yes</ITEM>
     <ITEM name="ShowToolTips">Yes</ITEM>
     <ITEM name="TopLineAddress">00000020</ITEM>
    </PROPERTIES>
   </POPUP>
   <POPUP w="1090" x="6" flags="0000002b" y="126" h="419" pid="1" iid="1">
    <PROPERTIES>
     <ITEM name="CaseSensitive">No</ITEM>
     <ITEM name="DISPADDRS">Yes</ITEM>
     <ITEM name="DISPLNUMS">No</ITEM>
     <ITEM name="DISPOPCODES">No</ITEM>
     <ITEM name="FIXUPBPTS">Yes</ITEM>
     <ITEM name="WordsOnly">No</ITEM>
     <ITEM name="nBreakpoints">0</ITEM>
    </PROPERTIES>
   </POPUP>
   <POPUP w="1094" x="5" flags="0000000b" y="576" h="121" pid="2" iid="1">
    <PROPERTIES>
     <ITEM name="Address Column Width">364</ITEM>
     <ITEM name="AutoResize">No</ITEM>
     <ITEM name="Gridlines">Yes</ITEM>
     <ITEM name="Name Column Width">364</ITEM>
     <ITEM name="ShowAddresses">Yes</ITEM>
     <ITEM name="ShowGlobals">Yes</ITEM>
     <ITEM name="ShowPreviousValues">No</ITEM>
     <ITEM name="ShowTypes">No</ITEM>
     <ITEM name="ShowWatchPoint">No</ITEM>
     <ITEM name="TriggerMode">0</ITEM>
     <ITEM name="Value Column Width">364</ITEM>
     <ITEM name="Version">100</ITEM>
     <ITEM name="nItems">0</ITEM>
    </PROPERTIES>
   </POPUP>
  </PWI>
 </MODULE>
</WORKSPACE>
